"","baseMean","log2FoldChange","lfcSE","stat","pvalue","padj","Transcript.stable.ID"
"ENST00000474916.1",18.3193966239666,-21.3953821304945,3.73279912604927,-5.73172608758591,9.94137231187822e-09,0.000614088509077029,"ENST00000474916"
"ENST00000374935.7",13.3927492569387,18.809810788762,3.07055943741869,6.12585790053124,9.01962778745315e-10,5.57151428058769e-05,"ENST00000374935"
"ENST00000685872.1",189.37381296426,-24.0824729234813,3.38931623821677,-7.10540747184802,1.19968057899311e-12,7.41054690449831e-08,"ENST00000685872"
"ENST00000681767.1",36.2427072153182,19.8859978392533,2.35124991538835,8.45762830616364,2.72870239009309e-17,1.6855467533844e-12,"ENST00000681767"
"ENST00000373871.8",51.1537856277649,19.5380402742955,3.29430702455797,5.93084983538144,3.01370740897481e-09,0.000186159720359783,"ENST00000373871"
"ENST00000692369.1",47.7485981673577,19.2568356384832,3.57350235264761,5.3887849336984,7.09356304451202e-08,0.00438176482822552,"ENST00000692369"
"ENST00000706288.1",56.531795247551,-21.4597853784111,3.18531558135621,-6.73709867368122,1.61580457370227e-11,9.9809864322163e-07,"ENST00000706288"
"ENST00000342505.5",325.685880729442,-24.8953515811429,4.62772105154749,-5.37961370269238,7.4645837435335e-08,0.00461094802421808,"ENST00000342505"
"ENST00000395334.6",264.037900332498,22.4551892966721,3.28165068406278,6.84265068361022,7.7741060820117e-12,4.80214306791945e-07,"ENST00000395334"
"ENST00000337393.10",172.380491321218,-23.5119548340537,3.78661116722121,-6.20923400786034,5.32434880692268e-10,3.28890350152421e-05,"ENST00000337393"
"ENST00000465289.6",98.3510817666306,-23.1372060810331,2.90898828314532,-7.95369517817933,1.81029218895029e-15,1.11823558803649e-10,"ENST00000465289"
"ENST00000675654.1",42.0836599633762,-29.2869687418408,4.28085572460303,-6.84138186987291,7.8432867783885e-12,4.84487667587836e-07,"ENST00000675654"
"ENST00000369965.8",88.1808897621658,-22.0903305691514,2.54288342404574,-8.68711886681991,3.71747097236646e-18,2.29631899434049e-13,"ENST00000369965"
"ENST00000667949.2",47.2183177487643,-21.9802675660462,3.92621019958022,-5.59834202671987,2.16411475003942e-08,0.00133679532224685,"ENST00000667949"
"ENST00000261441.9",190.633667617153,-24.7179695373435,3.41367661412117,-7.24086442022481,4.45833923885254e-13,2.7539607312316e-08,"ENST00000261441"
"ENST00000359785.10",136.583647741563,21.6542155267322,2.85617781972566,7.58153619749492,3.4148713693498e-14,2.10940019356106e-09,"ENST00000359785"
"ENST00000369567.5",23.5131255904907,-21.4459998973877,3.95511486373045,-5.42234565525611,5.88219981097888e-08,0.00363349364523977,"ENST00000369567"
"ENST00000614785.5",145.443564930923,-23.2716806230183,2.34543563076619,-9.92211439007434,3.33612857516398e-23,2.06075998216454e-18,"ENST00000614785"
"ENST00000463920.5",51.5560109361664,18.9853412901943,3.55256206408293,5.34412656210562,9.08540735315607e-08,0.00561214697611804,"ENST00000463920"
"ENST00000359205.9",33.1588771601678,-20.9786308318814,3.85305239804448,-5.4446783133623,5.18990914686671e-08,0.00320585877911104,"ENST00000359205"
"ENST00000368284.5",58.313699027918,19.3517009751854,2.9179553305022,6.63193873219946,3.31306106008194e-11,2.04651094742321e-06,"ENST00000368284"
"ENST00000649676.1",101.13273869083,-22.5273635026701,3.57375553395064,-6.30355470279385,2.9089547610368e-10,1.79689044544004e-05,"ENST00000649676"
"ENST00000648280.1",40.6553248343515,-21.850157645385,3.51356848460777,-6.21879372526995,5.00991398832744e-10,3.09467396972974e-05,"ENST00000648280"
"ENST00000271452.8",71.4104351611015,20.3712145851096,3.1893822472867,6.3871975842469,1.68953282934555e-10,1.04364132401504e-05,"ENST00000271452"
"ENST00000683652.1",89.0314891295866,19.1344250998755,2.90926733184603,6.57705976017476,4.79841959615131e-11,2.96403176873862e-06,"ENST00000683652"
"ENST00000646651.1",45.8791793507984,20.6347840971965,3.5918780923207,5.74484533350754,9.20050443949908e-09,0.000568324359732298,"ENST00000646651"
"ENST00000690849.1",29.6936164115218,-22.3877571729102,2.93432281602312,-7.62961629533735,2.35453447408735e-14,1.4544194899885e-09,"ENST00000690849"
"ENST00000695780.1",139.865004534454,21.1645014955378,3.41646753139618,6.19484930005721,5.83408224148044e-10,3.60377094138488e-05,"ENST00000695780"
"ENST00000614059.4",40.4854012297207,18.2276543101707,2.72447872403135,6.69032727229362,2.22672045183965e-11,1.37546749030587e-06,"ENST00000614059"
"ENST00000414423.9",281.115713308674,-25.0742668515547,4.04183878435994,-6.20367812506045,5.5158543419001e-10,3.40719838553511e-05,"ENST00000414423"
"ENST00000679276.1",43.3521901813833,-21.6947460828049,3.1543733256963,-6.8776723116678,6.08384139190812e-12,3.75804966619556e-07,"ENST00000679276"
"ENST00000366769.7",41.2738241941995,19.340065313472,2.88494854797752,6.70378171112627,2.03093585964328e-11,1.25452938986025e-06,"ENST00000366769"
"ENST00000680850.1",110.37575872623,-23.4872952412986,3.78652515833404,-6.2028625875108,5.54452491434419e-10,3.42490848483955e-05,"ENST00000680850"
"ENST00000679842.1",43.1137682660203,-20.8997594598088,3.53140096810906,-5.91826293546038,3.25359536867815e-09,0.000200977839518618,"ENST00000679842"
"ENST00000460720.5",28.5748272544756,18.9114539874292,3.336124377515,5.66868972718455,1.43893672068181e-08,0.000888845601732359,"ENST00000460720"
"ENST00000380834.7",177.214246589612,21.2438087714881,3.5091288595585,6.05386967013828,1.41407031730492e-09,8.73485375702421e-05,"ENST00000380834"
"ENST00000409013.8",43.8066238539551,19.8349530610746,2.37822553888618,8.34023213389768,7.41448371813728e-17,4.58000073753058e-12,"ENST00000409013"
"ENST00000281923.4",530.054062423347,-25.2604873666443,2.14428601398844,-11.7803722086771,4.92750011097794e-32,3.04376609355218e-27,"ENST00000281923"
"ENST00000679938.1",43.3917210505013,20.0407724304834,2.58367802853427,7.75668338281788,8.71792150062291e-15,5.38514729014978e-10,"ENST00000679938"
"ENST00000392551.6",57.899466854609,-8.10946595129506,1.33580261373905,-6.07085647826051,1.27229857466154e-09,7.85911552554178e-05,"ENST00000392551"
"ENST00000699302.1",110.60837891388,-21.826206119615,3.84893223609414,-5.67071717057924,1.422009860597e-08,0.000878389710989372,"ENST00000699302"
"ENST00000673942.1",340.591386768752,22.2680947671716,4.03340887762594,5.52091182490742,3.3724499189074e-08,0.00208319603940829,"ENST00000673942"
"ENST00000676933.1",13.959757390246,18.6064959592275,2.94914945693973,6.30910580521581,2.80652213644002e-10,1.73361678890037e-05,"ENST00000676933"
"ENST00000486181.5",105.216722730921,20.5033551977524,3.35216393239129,6.11645361362927,9.56807207277141e-10,5.91029380007162e-05,"ENST00000486181"
"ENST00000283943.9",172.965140832441,-23.8457837573254,3.62308220410204,-6.58162923555179,4.65320787099208e-11,2.87433303399052e-06,"ENST00000283943"
"ENST00000373292.8",25.4177988453867,-21.3537173298742,3.35546015441997,-6.36387152496688,1.96730714533723e-10,1.21522529674626e-05,"ENST00000373292"
"ENST00000452931.1",47.008612741847,19.8143108595483,3.15034986647314,6.28955884246935,3.18369415253535e-10,1.96659971496261e-05,"ENST00000452931"
"ENST00000613060.4",135.134362692226,-23.0910814840801,3.34010965526378,-6.91327048131195,4.73605677604718e-12,2.92550963113211e-07,"ENST00000613060"
"ENST00000415069.6",70.7190537808511,-22.3489387811473,3.69882096887296,-6.0421791076731,1.52046541099123e-09,9.3920668902339e-05,"ENST00000415069"
"ENST00000673621.2",86.9489488838855,-23.199789083319,3.20279444094553,-7.24360851471627,4.36901368374839e-13,2.69878344258822e-08,"ENST00000673621"
"ENST00000264454.8",126.031104105811,-23.1249481012059,4.26431606599083,-5.42289730483022,5.86406858525909e-08,0.00362229380580039,"ENST00000264454"
"ENST00000306026.6",60.024533969515,18.7639436310188,3.5067419352539,5.35081964326532,8.7556751111436e-08,0.00540846807290452,"ENST00000306026"
"ENST00000621469.5",209.928146068943,22.4078042129354,3.35105105400564,6.68679881380812,2.28105121755167e-11,1.40902814759384e-06,"ENST00000621469"
"ENST00000383716.7",85.04227646843,-23.1826706908718,4.31153178026491,-5.37689894737304,7.57796762532638e-08,0.00468098638184036,"ENST00000383716"
"ENST00000463280.5",25.8782737063864,-21.8396787468987,3.4842531098091,-6.26810913518716,3.65458622399222e-10,2.25747445642223e-05,"ENST00000463280"
"ENST00000484288.5",25.0789510839654,-21.1939732027056,2.43524766394932,-8.70300524930377,3.23208960732261e-18,1.99649407133925e-13,"ENST00000484288"
"ENST00000486274.5",29.4986303884729,-21.844599876459,3.71566208146543,-5.87905988152822,4.1260310132917e-09,0.000254869061722042,"ENST00000486274"
"ENST00000341893.8",102.84117664356,21.5196869328335,3.41372313038387,6.30387588884915,2.90292979545883e-10,1.79316876395287e-05,"ENST00000341893"
"ENST00000695014.1",76.1348882947281,20.3685808993668,3.64341095799367,5.59052523423909,2.26383781604951e-08,0.00139839525735195,"ENST00000695014"
"ENST00000479352.5",23.5085014344983,18.3294307903298,3.38976846042714,5.40728105896062,6.3988689446005e-08,0.00395264533576918,"ENST00000479352"
"ENST00000482525.5",71.4535424152427,-23.0287090991676,4.1756673848653,-5.51497688312894,3.48825806175176e-08,0.00215473188732468,"ENST00000482525"
"ENST00000629124.2",33.7160018226905,19.3639624505652,3.59391493216246,5.38798575260485,7.1251699026134e-08,0.00440128870054332,"ENST00000629124"
"ENST00000441925.2",39.182881757861,18.5884544931265,3.44172505631985,5.40091209755223,6.63029110082917e-08,0.00409559711589318,"ENST00000441925"
"ENST00000329463.9",93.2679135943884,20.9619924562543,2.87317039796127,7.29577071764641,2.96954233720602e-13,1.83431599711553e-08,"ENST00000329463"
"ENST00000657098.1",21.6357144888664,18.7765764855414,3.27871982332908,5.72680115938555,1.02342003419882e-08,0.00063217678932495,"ENST00000657098"
"ENST00000509465.5",55.20608673358,19.5380696607852,3.6460708717345,5.35866425753009,8.38394916296488e-08,0.00517884923745504,"ENST00000509465"
"ENST00000314262.10",79.6231614318124,20.4355943096453,3.34421366435427,6.11073225597599,9.91750304347335e-10,6.12614080498392e-05,"ENST00000314262"
"ENST00000508949.6",48.6874717262989,-22.7917877743658,3.09226992503661,-7.37056865244257,1.69901743149275e-13,1.04950005760739e-08,"ENST00000508949"
"ENST00000503068.1",36.5896398640954,18.7706097574738,2.37005424383439,7.91990723685115,2.3768784059387e-15,1.4682215601324e-10,"ENST00000503068"
"ENST00000682785.1",41.0270964668828,18.8254239511933,3.49526319514666,5.38598179883373,7.20502543000393e-08,0.00445061625836773,"ENST00000682785"
"ENST00000394804.6",41.9853237532761,-21.6590517919177,2.72149495102894,-7.95851257549784,1.74119703200547e-15,1.0755548186401e-10,"ENST00000394804"
"ENST00000507260.3",32.1130019577031,-21.6670089501803,3.94019040586445,-5.49897510484059,3.82005057589699e-08,0.00235968344123733,"ENST00000507260"
"ENST00000352981.7",51.7264800940237,-23.6839021820434,3.71300651479127,-6.37863200285143,1.78676799619821e-10,1.1037044589316e-05,"ENST00000352981"
"ENST00000603841.1",111.309842168253,-21.7237011567621,2.99021132263898,-7.2649384317059,3.7320821861602e-13,2.30534448721302e-08,"ENST00000603841"
"ENST00000508457.1",52.820735314283,-22.1863973247778,3.49800862426039,-6.34257936670148,2.25949738175661e-10,1.39571412768488e-05,"ENST00000508457"
"ENST00000438320.7",106.355279861145,21.1136613056265,2.59024180861166,8.15123176354844,3.60235969654656e-16,2.22521360815377e-11,"ENST00000438320"
"ENST00000503534.5",19.5934355670572,17.9475350903328,3.37513920987724,5.31756883917852,1.05162902966286e-07,0.00649601767913045,"ENST00000503534"
"ENST00000513532.1",103.664876986711,-21.6815591863909,2.61885531509884,-8.27902139586989,1.2419162422456e-16,7.67144081997531e-12,"ENST00000513532"
"ENST00000503773.6",48.7606248036305,-20.8965217130977,2.40824650934555,-8.67706924187609,4.06097884338339e-18,2.50850724134635e-13,"ENST00000503773"
"ENST00000456692.6",63.6087118768848,-22.0660321007523,2.4118470937865,-9.14901784511952,5.74534998569518e-20,3.54896013966377e-15,"ENST00000456692"
"ENST00000506290.1",67.9036160925705,19.7203663114525,2.58498348708709,7.62881713170033,2.36917418978419e-14,1.46346258877159e-09,"ENST00000506290"
"ENST00000684043.1",66.1316037836397,20.4013587910245,3.30198596709812,6.17851165762337,6.4708711512906e-10,3.99712181886372e-05,"ENST00000684043"
"ENST00000663232.1",34.4738287802269,-21.6523588538341,2.00331474368287,-10.80826611101,3.1455928960884e-27,1.94306418784277e-22,"ENST00000663232"
"ENST00000696905.1",272.380989095369,-10.4347743751244,1.31124327293433,-7.95792404850494,1.7494968543067e-15,1.08068170187379e-10,"ENST00000696905"
"ENST00000504926.5",48.3436926515964,18.9393367842946,3.00646763191786,6.29953124498234,2.98547118775713e-10,1.84415540738946e-05,"ENST00000504926"
"ENST00000680139.1",30.801995503278,-21.1956036039423,3.93972556028342,-5.37996956377274,7.44984328960103e-08,0.00460184269841945,"ENST00000680139"
"ENST00000505548.5",65.322894557156,-22.5958626639082,4.06526039113214,-5.55828175562833,2.72443339417855e-08,0.00168290975191803,"ENST00000505548"
"ENST00000647330.1",25.9128519389946,-20.9647866061827,2.92945705555588,-7.15654341695225,8.27366846828929e-13,5.11072774954697e-08,"ENST00000647330"
"ENST00000311337.11",85.3881847765645,-23.3138735134785,3.84667272798155,-6.06078945679163,1.3545504648998e-09,8.36719367673258e-05,"ENST00000311337"
"ENST00000443674.5",27.7940577672377,19.1190988151812,3.03490150264857,6.29974277534077,2.98139989871452e-10,1.84164053143494e-05,"ENST00000443674"
"ENST00000435847.6",46.1639638659969,-19.7593228297311,3.52794503049171,-5.60080235348143,2.13361901429009e-08,0.00131795780131713,"ENST00000435847"
"ENST00000430704.6",34.6731457297832,-21.4613857435219,2.63003446184171,-8.16011579121792,3.34703572496607e-16,2.06749743766879e-11,"ENST00000430704"
"ENST00000611618.1",26.4635414705178,-20.929856992802,3.74698507537166,-5.58578605780167,2.32645497153796e-08,0.00143707450046871,"ENST00000611618"
"ENST00000396551.9",54.564647269018,-29.3841581622736,3.69648461527195,-7.94921695084935,1.87694102265308e-15,1.15940523910303e-10,"ENST00000396551"
"ENST00000496421.1",17.2025331756928,-30,5.51829964559069,-5.43645722898919,5.43503780604767e-08,0.00335727720317371,"ENST00000496421"
"ENST00000697839.1",67.2977028750929,20.0171724377249,2.24610848709995,8.91193482090882,5.01496147810665e-19,3.09779185464126e-14,"ENST00000697839"
"ENST00000495733.5",106.818288005578,-22.9587444502073,2.49421717242172,-9.20478966469304,3.42341030635946e-20,2.1146747803413e-15,"ENST00000495733"
"ENST00000699647.1",66.8781610440052,-21.1434201269224,3.55048125702552,-5.95508569016802,2.59935598504202e-09,0.000160564818552031,"ENST00000699647"
"ENST00000414083.6",111.836911035268,20.4083614510146,3.37479789714884,6.04728403684747,1.47307927193338e-09,9.09935797065971e-05,"ENST00000414083"
"ENST00000461010.5",34.2186965573612,-21.7085569414359,4.06759861948612,-5.3369466784258,9.45248228125131e-08,0.00583889282995175,"ENST00000461010"
"ENST00000643776.1",206.601598963798,22.5139113504338,2.97472740492386,7.56839477565846,3.77864208243054e-14,2.33410500073817e-09,"ENST00000643776"
"ENST00000642748.1",199.393959017774,-24.019272073238,3.11880541397901,-7.70143336470417,1.34548333918052e-14,8.31118513445198e-10,"ENST00000642748"
"ENST00000673217.1",63.7714279378451,-23.3842337917013,3.60636243015075,-6.48416076992122,8.92270384033432e-11,5.51164338921291e-06,"ENST00000673217"
"ENST00000663448.1",12.4037974733144,-20.7828710192256,3.68891692554582,-5.6338679993859,1.7621191608654e-08,0.00108847862685817,"ENST00000663448"
"ENST00000431946.1",10.0408758826662,-21.0573413773357,3.2377919466525,-6.50361163542536,7.8414180614697e-11,4.84372235075045e-06,"ENST00000431946"
"ENST00000528402.5",36.4853978327185,19.2256765784479,3.02053469466937,6.36499114291829,1.95301005489758e-10,1.20639384101078e-05,"ENST00000528402"
"ENST00000368139.6",103.66449768125,-23.5751628023771,2.97495186362529,-7.92455269297981,2.28969043852079e-15,1.41436468077868e-10,"ENST00000368139"
"ENST00000368060.7",66.2374839533655,19.5385716805128,3.65239593781497,5.3495217969719,8.8186939780415e-08,0.00544739545717601,"ENST00000368060"
"ENST00000533274.5",178.366978539662,-8.76404957580062,1.43927367181713,-6.08921690670246,1.13464306649425e-09,7.00880368604161e-05,"ENST00000533274"
"ENST00000616088.4",33.3670348704059,-21.6884085029133,3.82812076765459,-5.66554970944695,1.46553928655264e-08,0.000905278272696429,"ENST00000616088"
"ENST00000414770.6",36.4347087130083,18.9475793996484,3.15903380398322,5.99790333859595,1.9988143405801e-09,0.000123468760631973,"ENST00000414770"
"ENST00000347037.9",53.7819518290792,-21.3052774302361,3.20227258717489,-6.65317422244559,2.86838308882646e-11,1.77182891779899e-06,"ENST00000347037"
"ENST00000367186.7",62.0162378859753,-22.4625269616654,2.47215035914851,-9.0862300824624,1.02532627409626e-19,6.33354292772001e-15,"ENST00000367186"
"ENST00000705249.1",108.920764455261,19.973876800703,3.36969811583084,5.9274973941629,3.07586229328539e-09,0.000189999089718532,"ENST00000705249"
"ENST00000699820.1",77.0978722512729,20.8875065459515,2.81466997127304,7.42094339980625,1.16289008303284e-13,7.18328833190217e-09,"ENST00000699820"
"ENST00000636849.1",87.356204956446,19.6033114593424,3.48746583475123,5.62107627378113,1.89771459104856e-08,0.0011722372800366,"ENST00000636849"
"ENST00000681950.1",41.4944237442838,-21.8679158433074,3.49421505677935,-6.25831996255643,3.89146793524401e-10,2.40379865827958e-05,"ENST00000681950"
"ENST00000622668.4",196.518316006277,-23.8200772359543,2.32569454226183,-10.2421348991034,1.28371928021987e-24,7.92966236584614e-20,"ENST00000622668"
"ENST00000344041.10",55.0211088670834,-21.5421286225723,3.51240681228232,-6.13315306963958,8.61541789125734e-10,5.32182978560857e-05,"ENST00000344041"
"ENST00000409555.5",52.993455426698,-21.4709532313313,3.95622215259454,-5.42713538400528,5.72656917312347e-08,0.0035373590439301,"ENST00000409555"
"ENST00000246868.7",257.445719306314,-10.9640964948503,2.07346507346215,-5.2878134458002,1.2378712733178e-07,0.00764645464241138,"ENST00000246868"
"ENST00000697860.1",76.902977791637,21.025565689731,3.49495806503539,6.01597080665348,1.78811797077097e-09,0.000110453835172494,"ENST00000697860"
"ENST00000573035.6",90.522553716893,20.9078192861968,3.3903302775856,6.16689749208922,6.9642872004606e-10,4.30190984659651e-05,"ENST00000573035"
"ENST00000616377.4",91.8800534013933,-22.6585159112345,3.73491149547829,-6.06668081390049,1.30580702141119e-09,8.06610055195908e-05,"ENST00000616377"
"ENST00000394714.6",22.5260883672213,-20.5335406804532,3.90567783928191,-5.25735647572726,1.46140865969191e-07,0.00902726743178288,"ENST00000394714"
"ENST00000265723.8",56.2544634706338,20.3106084752877,2.41524989046199,8.40931969627484,4.12395643664817e-17,2.54740913048194e-12,"ENST00000265723"
"ENST00000453593.5",34.3188753182558,-21.1465453207973,3.07814807134673,-6.86989216589099,6.42504532655536e-12,3.96881474866651e-07,"ENST00000453593"
"ENST00000633531.1",58.5938654813913,-21.7901819722267,3.25265298779001,-6.69920279046792,2.09559614221651e-11,1.29447069300856e-06,"ENST00000633531"
"ENST00000451682.5",58.8649147612558,19.2631520507627,3.57723965323031,5.38492075401427,7.2476572993771e-08,0.00447695039039823,"ENST00000451682"
"ENST00000498661.6",80.9635427336778,-23.3852786619429,2.7574257483335,-8.48083712719236,2.23579411722565e-17,1.38107238415146e-12,"ENST00000498661"
"ENST00000541662.5",23.8599624199744,-30,4.86107105958468,-6.17147941930377,6.76539388211272e-10,4.17905145491985e-05,"ENST00000541662"
"ENST00000323716.8",70.8825132675289,20.0459078410769,3.19696522804556,6.27029273425405,3.60369953020807e-10,2.22604123680483e-05,"ENST00000323716"
"ENST00000622386.2",20.1068957625534,-21.1839793903504,3.79344172381254,-5.5843692700938,2.34549869922092e-08,0.00144883800149575,"ENST00000622386"
"ENST00000354475.5",93.1463542684942,20.4115032982435,2.98018219360955,6.84907900665006,7.43269417157048e-12,4.5912495167208e-07,"ENST00000354475"
"ENST00000472616.1",49.3355567675096,-22.7323858261417,4.30439092591909,-5.2812084723201,1.28334560949778e-07,0.00792735416442874,"ENST00000472616"
"ENST00000652003.1",72.1688775527659,-23.7527972399028,3.28521156855668,-7.23021843318855,4.82217788875568e-13,2.97870750366327e-08,"ENST00000652003"
"ENST00000522948.5",65.2794650646489,-22.4183922786935,4.07983042255795,-5.4949323762917,3.90860159931323e-08,0.00241438229391177,"ENST00000522948"
"ENST00000521015.5",83.6025839510333,19.643329408518,3.65777296428382,5.37029761013723,7.86068084183228e-08,0.00485562116280822,"ENST00000521015"
"ENST00000677137.1",54.3520686752305,19.8147639162906,3.70183200578123,5.3526912851111,8.66556195332711e-08,0.00535280427418969,"ENST00000677137"
"ENST00000406337.6",312.770124801573,-24.9978855703751,3.55333690433399,-7.0350451542845,1.99196484279348e-12,1.23045660304196e-07,"ENST00000406337"
"ENST00000649817.1",103.016172058385,-24.0619340518216,4.17896384224205,-5.75787084075659,8.51814889332012e-09,0.000526174575289277,"ENST00000649817"
"ENST00000649919.1",145.502168708785,21.8595607304805,3.34720711813948,6.53068661691632,6.54688569559291e-11,4.0440767630247e-06,"ENST00000649919"
"ENST00000518374.5",34.159410598471,-21.4310467321699,3.97954025267382,-5.38530718913336,7.23210245649892e-08,0.00446734200840395,"ENST00000518374"
"ENST00000517608.5",39.8821191756238,-21.9632091978579,3.97008692788491,-5.53217337474244,3.16287040742981e-08,0.00195373667937347,"ENST00000517608"
"ENST00000220931.11",43.9298451130057,-20.6626249581995,2.96185815413455,-6.97623717373364,3.03190727321442e-12,1.87283944173728e-07,"ENST00000220931"
"ENST00000522800.5",65.6770639311781,-22.6422433702658,3.17310203155314,-7.13568084010934,9.63092453879362e-13,5.94911839685821e-08,"ENST00000522800"
"ENST00000357668.2",53.8436258059,-22.3665679964429,3.53589752972138,-6.32557018647691,2.52299193176572e-10,1.558477346171e-05,"ENST00000357668"
"ENST00000527144.6",18.7717513380773,-27.102697437092,3.95144237310011,-6.85893779486617,6.93744369935881e-12,4.28532834753093e-07,"ENST00000527144"
"ENST00000703721.1",29.7913409719264,-22.9124208417313,4.25985469734495,-5.37868600448084,7.50314372608384e-08,0.00463476691103925,"ENST00000703721"
"ENST00000380716.8",64.036177098957,-21.4270608896417,2.8145196277735,-7.61304368894816,2.67715242570422e-14,1.65370382488175e-09,"ENST00000380716"
"ENST00000379239.9",18.3923467013691,19.182014701168,2.94725892612804,6.5084253477411,7.59426326583179e-11,4.69105236193696e-06,"ENST00000379239"
"ENST00000520281.5",15.2937153047169,-21.5486254989384,3.93761235008859,-5.47251064428768,4.43704099661528e-08,0.00274080459401923,"ENST00000520281"
"ENST00000415759.6",19.6053525144823,-20.7108028365952,3.95137864763465,-5.24141184216627,1.59352605435371e-07,0.00984336979034828,"ENST00000415759"
"ENST00000684557.1",22.2895853235596,19.3711585786077,3.09638255890406,6.25606113266056,3.94822032966007e-10,2.43885517983432e-05,"ENST00000684557"
"ENST00000687279.1",97.6350003046999,20.5175448017043,3.64541244110983,5.62831919108111,1.81974116051113e-08,0.00112407231225933,"ENST00000687279"
"ENST00000539416.5",199.010660513886,21.1932194053532,3.88627315593375,5.45335300813696,4.94288066144145e-08,0.003053266813379,"ENST00000539416"
"ENST00000449886.5",76.9121040707888,-23.5619777675079,3.17066204897433,-7.43124855426642,1.07577344324009e-13,6.64516013623838e-09,"ENST00000449886"
"ENST00000674970.1",49.0986596993849,18.603709151653,3.50374583071043,5.30966287240101,1.0982819840599e-07,0.00678419764373642,"ENST00000674970"
"ENST00000372351.7",20.5002043759191,-18.5462309601384,3.27156858236024,-5.6689109499757,1.43708028966746e-08,0.000887698865730488,"ENST00000372351"
"ENST00000644097.1",64.4446104537693,18.7783763765555,3.23941984623971,5.79683315774991,6.75788616499453e-09,0.000417441386297877,"ENST00000644097"
"ENST00000371706.8",162.219342747966,-23.8284702945876,3.14084530216476,-7.58664244882239,3.28301391348469e-14,2.02795052449863e-09,"ENST00000371706"
"ENST00000683979.1",52.0419149990477,-22.8940212239979,3.414947837428,-6.70406176430523,2.02704517278529e-11,1.2521260736812e-06,"ENST00000683979"
"ENST00000637748.1",41.4423341959016,-21.5215728045257,2.73185288658779,-7.8780130914762,3.32627876375761e-15,2.05467565516071e-10,"ENST00000637748"
"ENST00000704673.1",70.9534225689542,20.6016545574383,2.86554336511313,7.18944086076497,6.50571912775209e-13,4.01864776240375e-08,"ENST00000704673"
"ENST00000682518.1",42.6002786847671,-21.5573275905527,2.76586321912678,-7.79406857196595,6.48853057097882e-15,4.00803021899933e-10,"ENST00000682518"
"ENST00000443950.6",92.9295804471373,-22.3119212734366,3.6348283936357,-6.13836991933459,8.33725405228956e-10,5.15000520063979e-05,"ENST00000443950"
"ENST00000703947.1",63.6929347686914,-23.537204441632,3.792654308585,-6.20599783859909,5.43509250824674e-10,3.35731099326909e-05,"ENST00000703947"
"ENST00000699127.1",65.5109204326843,-22.5536394567172,4.0289940936428,-5.59783383458014,2.1704663059173e-08,0.00134071874182818,"ENST00000699127"
"ENST00000454935.1",55.1349914128426,19.6421889284195,3.63086143028752,5.40978754093189,6.3099562156641e-08,0.00389772305397787,"ENST00000454935"
"ENST00000409655.5",13.3625516549414,-20.3721543835343,3.82598789399857,-5.32467821330276,1.01131908347064e-07,0.00624701911050651,"ENST00000409655"
"ENST00000396986.6",64.6567175129578,-21.2006488614517,3.2449484643128,-6.5334316075006,6.42795543519015e-11,3.97061235187131e-06,"ENST00000396986"
"ENST00000698918.1",17.6932557738912,-20.6663108110928,3.92925472437825,-5.25960067767379,1.4436856921796e-07,0.00891779088916259,"ENST00000698918"
"ENST00000445086.6",28.582597121265,-21.1420533371402,3.94780031097415,-5.35540089967804,8.53669255524554e-08,0.00527320035830072,"ENST00000445086"
"ENST00000528883.5",42.6562995039106,-20.1472489913915,3.47422549552222,-5.79906198298252,6.66868823203916e-09,0.000411931540781291,"ENST00000528883"
"ENST00000534579.5",53.4642191589945,20.2949503702379,3.07528053385308,6.59938179519836,4.12875788712894e-11,2.55037503445842e-06,"ENST00000534579"
"ENST00000540725.6",38.2180260248312,-21.572569485126,4.09876208841852,-5.26319142701196,1.41576032948734e-07,0.00874529313127625,"ENST00000540725"
"ENST00000356000.7",130.670616366551,-22.8661273562211,3.89520630930802,-5.87032509717907,4.34941413901289e-09,0.000268667660780965,"ENST00000356000"
"ENST00000698869.1",80.591663163599,20.5144355094678,3.71131600021562,5.52753673044169,3.24758249734797e-08,0.00200606418443681,"ENST00000698869"
"ENST00000433803.1",75.3422649981074,-21.4913860604097,3.14568892543392,-6.83201250023319,8.37315518265439e-12,5.17218168787744e-07,"ENST00000433803"
"ENST00000529180.1",8.6490179583015,-20.958222619851,3.63000347187885,-5.77360952467719,7.75911309056139e-09,0.000479288174717068,"ENST00000529180"
"ENST00000534650.5",56.6273981456445,20.0936515006992,3.52122396378561,5.70643949585554,1.15363888374767e-08,0.000712614274879775,"ENST00000534650"
"ENST00000698257.1",218.965668748438,-24.0037956019656,3.93993576676365,-6.09243323316483,1.11207231502075e-09,6.8693818971147e-05,"ENST00000698257"
"ENST00000700522.1",27.2772787367913,-21.4231441121763,3.43575251552534,-6.23535717877534,4.50748430687261e-10,2.78431813119828e-05,"ENST00000700522"
"ENST00000690257.1",22.4092736609475,18.5771927242861,3.48055852937325,5.33741713219554,9.42799688870657e-08,0.00582376795812293,"ENST00000690257"
"ENST00000698839.1",59.5371325199319,20.2504722502196,2.45848282444694,8.23697934712035,1.76612956842224e-16,1.0909558957101e-11,"ENST00000698839"
"ENST00000530608.6",60.7523083989817,-21.4001792317874,3.64296926361439,-5.8743782017406,4.24433396695065e-09,0.000262176753472509,"ENST00000530608"
"ENST00000393055.6",46.3381078879148,-21.1435764439821,2.73722036808929,-7.72446993690218,1.12319744674971e-14,6.93810294831761e-10,"ENST00000393055"
"ENST00000532163.5",26.9759887660333,18.6434313028927,3.39976334290196,5.483743844058,4.16417617382339e-08,0.00257225326433245,"ENST00000532163"
"ENST00000375300.6",137.33748082988,-23.1980347201927,4.17572211547677,-5.55545462046247,2.76890145522413e-08,0.0017103781179065,"ENST00000375300"
"ENST00000694934.1",58.9165636929446,-21.1482729359813,3.65905986555648,-5.77970126563233,7.4833382688647e-09,0.000462253288206042,"ENST00000694934"
"ENST00000422003.6",63.1704548109386,-22.3078845397558,3.71085750792035,-6.01151741670016,1.83794761219474e-09,0.000113531861952881,"ENST00000422003"
"ENST00000395324.6",149.693565040182,21.4709162523187,3.73983931606087,5.74113335835342,9.40449906609827e-09,0.000580925311811956,"ENST00000395324"
"ENST00000448372.5",186.59914689783,21.4479289920159,2.66145633795061,8.05871908781014,7.70980426941146e-16,4.76242319525816e-11,"ENST00000448372"
"ENST00000552512.5",36.2572439705969,19.0248295505814,2.65143664825118,7.17529101181041,7.21535398885238e-13,4.456996312454e-08,"ENST00000552512"
"ENST00000548274.5",31.3506070434043,-21.3998154493375,2.62709066706953,-8.145822950682,3.76710990577824e-16,2.32698145989828e-11,"ENST00000548274"
"ENST00000652091.1",77.3067551118175,-21.2960239295558,3.54642500472235,-6.00492718757579,1.91417787240844e-09,0.000118240681356541,"ENST00000652091"
"ENST00000673058.2",43.6419947468747,19.5355833311715,3.42521863412035,5.7034558718581,1.1740244216441e-08,0.000725206625493774,"ENST00000673058"
"ENST00000308385.6",23.0387816075742,-19.9955717503034,3.69183592995977,-5.4161593661399,6.08928311550434e-08,0.00376141107327819,"ENST00000308385"
"ENST00000557644.5",30.8921881714181,-20.8570249672198,3.00271321450046,-6.9460596058587,3.75630112018064e-12,2.32030476494678e-07,"ENST00000557644"
"ENST00000258530.8",34.3922464823647,19.5038556401869,3.16753815777762,6.15741773853517,7.39406274941343e-10,4.56738650094017e-05,"ENST00000258530"
"ENST00000682272.1",386.496427551012,-24.3538963562889,3.12615584628166,-7.79036540524879,6.68156811318475e-15,4.12727143919535e-10,"ENST00000682272"
"ENST00000306014.10",126.50740796629,21.1321794329233,3.84328077601111,5.49847400294707,3.8309200467361e-08,0.00236639762206936,"ENST00000306014"
"ENST00000543984.5",37.2564596393968,-22.2669996692654,2.99484980071145,-7.43509730069791,1.04491019963062e-13,6.45451479413829e-09,"ENST00000543984"
"ENST00000546126.7",9.99473818690409,-21.126571834354,3.78174216572326,-5.5864654195201,2.31737666185422e-08,0.00143146673779397,"ENST00000546126"
"ENST00000697719.1",160.944025295404,21.5474781459158,4.10855920851902,5.24453392353152,1.56677877892618e-07,0.00967814919530492,"ENST00000697719"
"ENST00000239891.4",28.9711455355774,19.3123236725823,3.62191619360158,5.33207358764929,9.70975733769487e-08,0.0059978142050675,"ENST00000239891"
"ENST00000680671.1",55.7659849159295,19.0346285188341,3.31679111042255,5.73886864898441,9.53111039447783e-09,0.00058874622017729,"ENST00000680671"
"ENST00000337343.9",83.9506784502264,-21.0788257287725,2.94055272659258,-7.16832095481518,7.59231426619853e-13,4.68984844537349e-08,"ENST00000337343"
"ENST00000389908.7",23.4996964907648,-21.0469830794804,3.89296714171029,-5.40641169404629,6.42999060627074e-08,0.0039718694973995,"ENST00000389908"
"ENST00000378319.8",339.388283531141,23.1195367362857,4.06923119239926,5.68154907970569,1.33480197961581e-08,0.000824520530828484,"ENST00000378319"
"ENST00000488958.5",219.407260009369,-24.4101652191446,3.41091420983237,-7.15648759173694,8.2770368356233e-13,5.11280842373287e-08,"ENST00000488958"
"ENST00000252457.9",104.411543815646,20.8543479219289,3.5877898153083,5.81258908561144,6.151392850512e-09,0.000379977687768977,"ENST00000252457"
"ENST00000351487.5",74.149372369504,-9.11908941891593,1.6014085665156,-5.69441778293814,1.2379362080772e-08,0.000764685575091364,"ENST00000351487"
"ENST00000361283.4",275.060965652475,20.8569929614813,3.93804012032569,5.29628757559644,1.18180671989738e-07,0.00730013828947809,"ENST00000361283"
"ENST00000557365.1",22.9868739587267,-21.3135611462254,3.84387597140462,-5.54480979739755,2.94273879094743e-08,0.00181775917855613,"ENST00000557365"
"ENST00000674030.1",201.149982244629,-23.6412147119105,3.40251745415077,-6.94815383917292,3.70097306982302e-12,2.28612807496038e-07,"ENST00000674030"
"ENST00000553999.5",53.3480430849423,-22.423070003798,4.15349122696615,-5.3986077683801,6.71600213379336e-08,0.0041485416780655,"ENST00000553999"
"ENST00000358025.7",307.016668409907,20.6025901970605,3.37930559312214,6.09669342689596,1.08284904352674e-09,6.688866826769e-05,"ENST00000358025"
"ENST00000555547.5",223.98690939122,-23.5872396860992,3.43505438410026,-6.86662772946966,6.57373182413845e-12,4.06065988508856e-07,"ENST00000555547"
"ENST00000700269.1",49.3292383781508,-21.3837108803625,3.9248463433131,-5.44829249603482,5.08556765485435e-08,0.00314140599608008,"ENST00000700269"
"ENST00000560877.5",43.3391903718022,19.0018872827683,2.54661001611601,7.46164004795254,8.54520680765383e-14,5.27845969715585e-09,"ENST00000560877"
"ENST00000676694.1",84.9430742217219,19.967792596526,3.69147936195844,5.40915731570893,6.33219895995031e-08,0.0039114626195509,"ENST00000676694"
"ENST00000303622.13",37.1995672167583,20.169883297419,3.83196249967119,5.26359099264403,1.41268539461791e-07,0.00872629895109428,"ENST00000303622"
"ENST00000352127.11",117.989546141851,20.1564051193228,3.32563773892557,6.06091423710955,1.35349991745148e-09,8.36070434008953e-05,"ENST00000352127"
"ENST00000286953.8",20.3766395682137,-20.0130546302483,3.35331593647111,-5.96813870491108,2.39975330160295e-09,0.000148235161193316,"ENST00000286953"
"ENST00000693281.1",115.571469751975,-20.5324580179102,3.72549420545057,-5.51133806297975,3.56115979698042e-08,0.00219976401819277,"ENST00000693281"
"ENST00000682495.1",59.1463778637517,-21.4270329342331,2.25593254882369,-9.49808226553838,2.13791085205723e-21,1.32060891242427e-16,"ENST00000682495"
"ENST00000619572.5",131.678583499897,-23.2354938703362,3.77894699253934,-6.14866890597018,7.8135890996286e-10,4.82653212273159e-05,"ENST00000619572"
"ENST00000332680.8",293.775344112007,22.9760604756566,2.77989990334974,8.26506754720582,1.39615666745807e-16,8.62419935055527e-12,"ENST00000332680"
"ENST00000557907.5",57.8654384536187,20.1874369597831,3.14032567464516,6.42845330431031,1.28908839152471e-10,7.96282790328731e-06,"ENST00000557907"
"ENST00000684041.1",28.3420695290786,-21.6852777293838,3.69235231250143,-5.87302507833898,4.27913708955887e-09,0.000264326577159141,"ENST00000684041"
"ENST00000564778.6",131.908514917757,-22.9653072177697,3.70725482950966,-6.19469345213778,5.83985753332751e-10,3.60733839691174e-05,"ENST00000564778"
"ENST00000677316.1",48.9294722682325,-17.8257468170568,3.18727167071821,-5.59279178515712,2.23447195878276e-08,0.0013802556736597,"ENST00000677316"
"ENST00000535977.5",49.4361049969676,18.6226322973786,2.70561832585462,6.88294875867101,5.86261204279626e-12,3.62139408495568e-07,"ENST00000535977"
"ENST00000703449.1",37.0075121817525,-21.7458693330073,3.0534491668093,-7.12173943138888,1.06573397458157e-12,6.5831453343878e-08,"ENST00000703449"
"ENST00000575076.5",121.781760022731,-22.2998464053599,3.4349911059244,-6.49196627231404,8.47232288884215e-11,5.23343857166669e-06,"ENST00000575076"
"ENST00000568027.5",44.3366493750681,-21.655546514037,3.1124948357062,-6.95761684986812,3.46076880104059e-12,2.13775149609078e-07,"ENST00000568027"
"ENST00000652541.1",37.9900242995868,18.9761630653441,2.66923471473206,7.10921484746571,1.16704954341364e-12,7.2089817346204e-08,"ENST00000652541"
"ENST00000674581.1",21.298335761318,18.5667642894443,2.95283057483054,6.28778516712217,3.22027119173151e-10,1.98919371784447e-05,"ENST00000674581"
"ENST00000685193.1",17.9715774236495,18.4764229880699,3.29833139711793,5.60174850962961,2.12200282641049e-08,0.00131078236590203,"ENST00000685193"
"ENST00000359210.8",57.3815948485959,18.9079903407378,3.59643931770897,5.25741953927438,1.46090777151593e-07,0.00902417339543103,"ENST00000359210"
"ENST00000348022.6",87.5255689170091,21.5975746110841,3.27045196282329,6.60385012731988,4.00614542635716e-11,2.47463609131508e-06,"ENST00000348022"
"ENST00000678574.1",54.1098282241312,-21.8905357714096,3.66847474021646,-5.96720362591836,2.41354134652904e-09,0.000149086862516445,"ENST00000678574"
"ENST00000426488.6",67.1022733682943,19.7589037083313,2.55875696238312,7.72207130212501,1.14454333664738e-14,7.06995864480453e-10,"ENST00000426488"
"ENST00000646677.2",19.6300699090984,-21.0970950259696,3.16441776962031,-6.6669752737803,2.61129065677591e-11,1.61302035159705e-06,"ENST00000646677"
"ENST00000300589.6",80.8884644620793,20.8353673883191,3.81715049922178,5.45835627716721,4.80562628600422e-08,0.00296848341312766,"ENST00000300589"
"ENST00000569266.5",77.1408987191106,-22.387190863904,4.13522583055651,-5.41377709011147,6.17089802648561e-08,0.00381182541994043,"ENST00000569266"
"ENST00000563391.1",37.2328729267487,18.3782980513159,2.63648233443406,6.97076472361836,3.15222763777395e-12,1.94716253412934e-07,"ENST00000563391"
"ENST00000449359.7",53.2935444178985,19.5764365499481,3.25963987088512,6.00570533107153,1.9050190340698e-09,0.000117674930753525,"ENST00000449359"
"ENST00000563206.5",173.33610855946,-23.7156795586199,2.62609995240692,-9.03076043883384,1.70482931987887e-19,1.05309011918237e-14,"ENST00000563206"
"ENST00000562090.5",172.216259887627,-22.9062952121485,3.51889293209039,-6.50951752559889,7.53925596701919e-11,4.65707380338743e-06,"ENST00000562090"
"ENST00000439557.6",17.5105360574126,-20.4182940384147,3.85836719590226,-5.29195201019223,1.21017652291236e-07,0.00747538139968194,"ENST00000439557"
"ENST00000697586.1",329.754582923801,22.6976961498623,3.98853133455879,5.69074033672424,1.26489737204913e-08,0.000781339755688469,"ENST00000697586"
"ENST00000538234.5",47.8857061484802,-22.230658862454,3.48375381757213,-6.38123702952893,1.75663166367793e-10,1.08508894497049e-05,"ENST00000538234"
"ENST00000643964.1",88.0825132198812,20.8801423184035,3.28975315713363,6.34702402310221,2.19519863233023e-10,1.3559961471767e-05,"ENST00000643964"
"ENST00000645818.2",49.0548014773935,-21.2644714230343,3.54562600641312,-5.99738138894864,2.00524729407061e-09,0.000123866130602035,"ENST00000645818"
"ENST00000674799.1",57.3469651299734,19.2095545759263,3.45886975119127,5.55370856890763,2.7967160763417e-08,0.00172755948751703,"ENST00000674799"
"ENST00000574306.2",63.4128551536201,-22.2806197722811,3.54233770466452,-6.28980679706008,3.17861321886543e-10,1.96346117142536e-05,"ENST00000574306"
"ENST00000575779.2",54.6159580297342,-22.3348605470813,4.12593149261518,-5.41328923833501,6.18774170385197e-08,0.0038222299278864,"ENST00000575779"
"ENST00000570856.1",60.5959114434464,-22.5479127414749,3.24781475277113,-6.94248732081668,3.85255539293357e-12,2.379761991769e-07,"ENST00000570856"
"ENST00000575858.5",44.8282131063648,19.7890279410424,2.67975360059149,7.38464459444122,1.52861152934923e-13,9.4423862779431e-09,"ENST00000575858"
"ENST00000580306.7",64.3487408562927,-23.1319366401001,3.64956219420397,-6.33827714371792,2.32348607769212e-10,1.4352405850512e-05,"ENST00000580306"
"ENST00000419071.6",27.3868425549294,-30,4.89362067085502,-6.1304302106355,8.76417561343834e-10,5.413718918177e-05,"ENST00000419071"
"ENST00000415040.6",21.3727946902085,-20.7298304732633,3.81814191301982,-5.42929805793095,5.65761294429795e-08,0.00349476409182228,"ENST00000415040"
"ENST00000577376.6",59.3138334494351,-22.5797709679029,3.47084894172762,-6.5055470137124,7.74111684459688e-11,4.78176528607594e-06,"ENST00000577376"
"ENST00000680356.1",135.689577146659,-22.1577051100246,3.59616034691803,-6.1614897480904,7.20637371604616e-10,4.45144910813888e-05,"ENST00000680356"
"ENST00000674303.1",222.121014337885,18.990308530694,3.415259881962,5.56042854337175,2.69113021220638e-08,0.001662338043382,"ENST00000674303"
"ENST00000415827.6",104.862943680113,-21.4818486512999,3.79465272494492,-5.66108421729467,1.50419579392301e-08,0.000929156783864185,"ENST00000415827"
"ENST00000593013.5",30.8152615538402,-21.8698387493671,3.40356372333465,-6.42557052757045,1.31375835439953e-10,8.11521673096135e-06,"ENST00000593013"
"ENST00000375840.9",171.057771021041,-22.647908569732,3.02000578425746,-7.49929310989731,6.41629067729804e-14,3.96340691427377e-09,"ENST00000375840"
"ENST00000542536.6",21.8353360717742,-20.7637458609414,3.81123501599167,-5.44803607592243,5.0929029988685e-08,0.00314593711143106,"ENST00000542536"
"ENST00000647930.1",128.622292280512,21.7557930106136,3.89100913109992,5.59129836954753,2.25377907961159e-08,0.00139218187526688,"ENST00000647930"
"ENST00000587640.1",41.8562857389053,-22.4364027384044,3.05201710010299,-7.35133585511275,1.96235648402785e-13,1.21216722374885e-08,"ENST00000587640"
"ENST00000680732.1",100.877191890013,-21.608980904818,2.96336811008556,-7.29203396340594,3.05310166857314e-13,1.88593143169431e-08,"ENST00000680732"
"ENST00000325971.12",124.288131311493,19.4011866692565,3.2704191793968,5.93232414715561,2.98676216651065e-09,0.00018449528578753,"ENST00000325971"
"ENST00000539560.5",37.5626777442674,-21.5382668598216,2.80934858244726,-7.66664094103243,1.7655913615454e-14,1.09062343994021e-09,"ENST00000539560"
"ENST00000649279.2",190.57502586868,-24.1296815902449,2.98189020888274,-8.09207579754785,5.86563874458347e-16,3.62326370891665e-11,"ENST00000649279"
"ENST00000696485.1",17.4661861123671,-21.7050562299041,3.85754878158983,-5.62664465411083,1.83748703864853e-08,0.00113503411864359,"ENST00000696485"
"ENST00000679472.1",214.269983307238,22.3630575645497,4.07029570892361,5.49420955227442,3.92464255999152e-08,0.00242429095573236,"ENST00000679472"
"ENST00000680552.1",162.796996067179,-23.7784729640752,4.33492300840569,-5.48532763280161,4.12703796923046e-08,0.00254931262397335,"ENST00000680552"
"ENST00000650932.1",157.189146441142,22.5466649443346,3.72787239908609,6.048132159744,1.46534733657616e-09,9.05159703276462e-05,"ENST00000650932"
"ENST00000304076.6",23.4890535931995,19.2218845758589,3.33376877475915,5.76581217071588,8.12655274098278e-09,0.000501985289363248,"ENST00000304076"
"ENST00000221249.10",55.1060213834476,20.335218646924,3.66844090344936,5.54328642116142,2.96846696420732e-08,0.00183365172846051,"ENST00000221249"
"ENST00000222214.10",45.9391964153202,19.6183636508861,3.57746481924533,5.48387325721475,4.16112945238404e-08,0.00257037127403215,"ENST00000222214"
"ENST00000593274.1",31.2551943420529,19.082736554652,2.86366119200304,6.66375498887293,2.66918311402161e-11,1.64878110136229e-06,"ENST00000593274"
"ENST00000699206.1",17.4345449208866,18.4207114173835,3.38816235975096,5.43678533124885,5.42504331450255e-08,0.00335110350580137,"ENST00000699206"
"ENST00000617130.5",28.8809886965156,-21.7637002750925,3.53309280451595,-6.15995714782087,7.27646316779142e-10,4.49474406337644e-05,"ENST00000617130"
"ENST00000600972.1",186.04076264667,-25.7725200702357,4.57665526076865,-5.63130028410906,1.78856006688581e-08,0.00110481143891604,"ENST00000600972"
"ENST00000599848.5",99.5975180687519,-23.6661871066916,2.45291924088791,-9.64817215022734,5.00396684911275e-22,3.09100036236544e-17,"ENST00000599848"
"ENST00000613065.4",74.6649769709704,-22.8945837118482,2.78031344832581,-8.2345333133695,1.8025894844086e-16,1.11347755041404e-11,"ENST00000613065"
"ENST00000401500.7",105.684576938314,-21.1822811766219,3.28438233833878,-6.44939565328919,1.12297045832735e-10,6.93670081813387e-06,"ENST00000401500"
"ENST00000391711.8",60.5202858528192,-22.2424505562492,3.28509622412542,-6.7707150837479,1.28147418221077e-11,7.91579417093413e-07,"ENST00000391711"
"ENST00000594443.5",11.106942254164,-20.8738898551005,3.84005073113789,-5.43583700231875,5.45397961981763e-08,0.00336897775095755,"ENST00000594443"
"ENST00000592922.6",63.5265287432888,-21.8325092028803,3.70325711517517,-5.89548835629459,3.73574852816682e-09,0.000230760922333393,"ENST00000592922"
"ENST00000417807.7",42.9204021842872,19.8865540820578,3.11288989149375,6.38845406527215,1.67571143386689e-10,1.03510370981392e-05,"ENST00000417807"
"ENST00000601806.5",27.2580802286467,-21.4163427829428,3.37566572413021,-6.34433161727263,2.23393167662071e-10,1.37992193596538e-05,"ENST00000601806"
"ENST00000706749.1",17.7289292258957,-30,5.52467975748521,-5.43017899985134,5.62975560429871e-08,0.00347755633433136,"ENST00000706749"
"ENST00000476300.1",31.7345155714515,-21.4587814746666,4.00106467272665,-5.36326783741858,8.17296783362745e-08,0.00504852396051001,"ENST00000476300"
"ENST00000454220.7",24.2433521104584,-21.9207263810853,4.08537376857242,-5.3656599427242,8.06537721468561e-08,0.00498206415928345,"ENST00000454220"
"ENST00000599056.5",13.4273411888116,-30,5.52467975748331,-5.43017899985321,5.62975560423984e-08,0.00347755633429499,"ENST00000599056"
"ENST00000467003.1",46.4444783750554,-24.5338597632797,4.45898667615414,-5.50211551303401,3.75260946035619e-08,0.00231802438975662,"ENST00000467003"
"ENST00000502616.5",13.1324582406436,-21.303059329106,2.86860477427648,-7.42627897720033,1.11695291239561e-13,6.8995298351589e-09,"ENST00000502616"
"ENST00000391771.1",156.195571259608,-23.2217056237741,3.17506042722007,-7.31378383374768,2.59722845309813e-13,1.60433398776325e-08,"ENST00000391771"
"ENST00000336095.10",47.1811733284772,-21.4986155484897,3.07708049670439,-6.98669260408206,2.81441948544254e-12,1.73849506035271e-07,"ENST00000336095"
"ENST00000448110.6",52.3733618840202,-21.5406421705018,3.24835324582974,-6.63124991044489,3.32856123262381e-11,2.05608555900406e-06,"ENST00000448110"
"ENST00000397137.5",74.6676401497509,-22.7453344810014,4.27753770026167,-5.31738960000517,1.05266514400685e-07,0.00650241786104472,"ENST00000397137"
"ENST00000414542.6",78.1553916405352,21.3075644866984,3.84946787212575,5.53519738169213,3.10878056018204e-08,0.00192032483983005,"ENST00000414542"
"ENST00000398449.8",115.47105994956,20.7483894594575,3.40353965136605,6.09612097544681,1.08673184625203e-09,6.71285128748339e-05,"ENST00000398449"
"ENST00000397906.7",20.3055400276664,-20.7327967449016,3.44112075165678,-6.02501284935132,1.69096189278703e-09,0.000104452407079348,"ENST00000397906"
"ENST00000421503.6",117.334754362917,-23.2301515148823,3.73032228938407,-6.22738458309401,4.74285892353226e-10,2.92971138565511e-05,"ENST00000421503"
"ENST00000698883.1",518.59864909098,-24.8912337873912,3.27493284447212,-7.60053258173098,2.94914499291575e-14,1.82171635357399e-09,"ENST00000698883"
"ENST00000674359.1",20.0333497474208,-21.517596353174,3.67066322633803,-5.86204591006313,4.57198566526174e-09,0.000282416126528883,"ENST00000674359"
"ENST00000693052.1",201.449061714682,-23.7532640688211,3.43091177118774,-6.92330950282583,4.41212336074427e-12,2.72541272116534e-07,"ENST00000693052"
"ENST00000407597.7",104.708550926316,21.7624209133239,4.15186860151058,5.2415967368057,1.59192981318636e-07,0.00983350964903346,"ENST00000407597"
"ENST00000337339.7",78.4635104140865,19.1805769312903,3.60672211371357,5.3180079658373,1.04909477296138e-07,0.00648036332205973,"ENST00000337339"
"ENST00000647286.1",104.57048079445,-24.9658610962669,3.77483149478352,-6.6137683578108,3.74657856850285e-11,2.31429904754989e-06,"ENST00000647286"
"ENST00000676343.1",137.347642549851,-23.7650000027242,3.33095043523326,-7.13460030847321,9.70688059403543e-13,5.99603721174163e-08,"ENST00000676343"
"ENST00000634465.1",26.8290809478634,-21.2387457846951,2.6711320255117,-7.95121528320058,1.84690671708548e-15,1.14085274821087e-10,"ENST00000634465"
"ENST00000337990.2",32.6221882057234,-21.9173690591266,3.90524926276972,-5.61228428312464,1.9967304723188e-08,0.00123340038005605,"ENST00000337990"
"ENST00000644766.1",80.4126206955857,19.2652193594061,2.5344284883556,7.60140577961459,2.92931010442322e-14,1.80946414460327e-09,"ENST00000644766"
"ENST00000371323.3",142.350014837358,-23.526661926966,3.81710565895627,-6.16348197534543,7.11624823521438e-10,4.39577769737428e-05,"ENST00000371323"
"ENST00000354719.10",17.9629850114543,18.7271859097687,3.38438967399106,5.53340120781202,3.14079918671511e-08,0.00194010306562579,"ENST00000354719"
"ENST00000370698.7",60.4569412767935,-21.8250359557528,4.08232473975372,-5.34622729623158,8.98064199907808e-08,0.00554743236925052,"ENST00000370698"
"ENST00000370475.9",62.709551324538,-22.1064575146409,2.64144721291823,-8.36907033633963,5.80745796463141e-17,3.58732485933247e-12,"ENST00000370475"
"ENST00000370396.7",34.7573451276362,-21.5786177581288,3.48442585045019,-6.19287615356797,5.90761473303082e-10,3.64919269674047e-05,"ENST00000370396"
